{"stats":{"minecraft:picked_up":{"minecraft:stick":2,"minecraft:wheat":1,"minecraft:black_carpet":3,"minecraft:potato":1,"minecraft:brick":1,"minecraft:carrot":3,"minecraft:arrow":1,"minecraft:bone":2,"minecraft:white_carpet":8,"minecraft:lime_banner":2,"minecraft:lime_carpet":2,"minecraft:rotten_flesh":2,"minecraft:wheat_seeds":1,"minecraft:hay_block":2,"minecraft:iron_ingot":8,"minecraft:netherite_axe":1,"minecraft:player_head":1,"minecraft:bread":1,"minecraft:emerald":3,"minecraft:light_gray_carpet":3,"minecraft:oak_sapling":1},"minecraft:used":{"minecraft:glass":7,"minecraft:crying_obsidian":2,"minecraft:lantern":1,"minecraft:netherite_axe":4,"minecraft:player_head":1,"minecraft:cobblestone":1,"minecraft:black_stained_glass":2,"minecraft:crafting_table":3,"minecraft:turtle_helmet":1,"minecraft:campfire":2,"minecraft:stripped_spruce_log":30},"minecraft:custom":{"minecraft:time_since_rest":40888,"minecraft:sprint_one_cm":18282,"minecraft:walk_one_cm":96200,"minecraft:mob_kills":3,"minecraft:damage_dealt":574,"minecraft:talked_to_villager":2,"minecraft:interact_with_crafting_table":2,"minecraft:fly_one_cm":277951,"minecraft:open_chest":2,"minecraft:play_time":75042,"minecraft:deaths":3,"minecraft:sneak_time":3,"minecraft:jump":120,"minecraft:leave_game":4,"minecraft:walk_on_water_one_cm":380,"minecraft:time_since_death":40868,"minecraft:total_world_time":75042,"minecraft:fall_one_cm":211},"minecraft:crafted":{"minecraft:knowledge_book":1},"minecraft:killed":{"minecraft:skeleton":1,"minecraft:zombie":1}},"DataVersion":3700}