{"stats":{"minecraft:used":{"minecraft:glass":25,"minecraft:emerald_ore":2,"minecraft:sand":9,"minecraft:magma_block":24,"minecraft:sandstone_stairs":17,"minecraft:yellow_glazed_terracotta":21,"minecraft:lantern":6,"minecraft:decorated_pot":2,"minecraft:sandstone":169,"minecraft:cut_sandstone":12,"minecraft:coarse_dirt":1,"minecraft:sandstone_wall":63},"minecraft:picked_up":{"minecraft:book":1,"minecraft:stick":3,"minecraft:wheat":2,"minecraft:white_carpet":10,"minecraft:cyan_carpet":5,"minecraft:hay_block":1,"minecraft:emerald":2,"minecraft:bread":3,"minecraft:melon_slice":1,"minecraft:glass":1,"minecraft:cod":9,"minecraft:acacia_sapling":3,"minecraft:blue_carpet":6,"minecraft:lantern":1},"minecraft:custom":{"minecraft:open_chest":1,"minecraft:time_since_rest":2573,"minecraft:deaths":1,"minecraft:crouch_one_cm":14,"minecraft:play_time":81416,"minecraft:sprint_one_cm":10976,"minecraft:damage_taken":240,"minecraft:walk_one_cm":62914,"minecraft:sneak_time":170,"minecraft:walk_under_water_one_cm":534,"minecraft:jump":86,"minecraft:damage_dealt":19,"minecraft:leave_game":7,"minecraft:walk_on_water_one_cm":2795,"minecraft:time_since_death":2553,"minecraft:total_world_time":81416,"minecraft:fall_one_cm":434,"minecraft:fly_one_cm":177255}},"DataVersion":3700}