{"stats":{"minecraft:picked_up":{"minecraft:book":1,"minecraft:stick":3,"minecraft:wheat":2,"minecraft:white_carpet":10,"minecraft:cyan_carpet":5,"minecraft:hay_block":1,"minecraft:emerald":2,"minecraft:bread":3,"minecraft:melon_slice":1,"minecraft:acacia_sapling":3,"minecraft:cod":9,"minecraft:blue_carpet":6,"minecraft:lantern":1},"minecraft:custom":{"minecraft:time_since_rest":68214,"minecraft:open_chest":1,"minecraft:play_time":68214,"minecraft:sprint_one_cm":10095,"minecraft:damage_taken":50,"minecraft:walk_one_cm":44475,"minecraft:sneak_time":63,"minecraft:walk_under_water_one_cm":534,"minecraft:jump":85,"minecraft:damage_dealt":19,"minecraft:leave_game":2,"minecraft:time_since_death":68214,"minecraft:walk_on_water_one_cm":2795,"minecraft:total_world_time":68214,"minecraft:fall_one_cm":434,"minecraft:fly_one_cm":177255},"minecraft:used":{"minecraft:glass":25,"minecraft:emerald_ore":1,"minecraft:sand":9,"minecraft:magma_block":24,"minecraft:sandstone_stairs":17,"minecraft:yellow_glazed_terracotta":21,"minecraft:lantern":6,"minecraft:decorated_pot":2,"minecraft:sandstone":169,"minecraft:cut_sandstone":12,"minecraft:coarse_dirt":1,"minecraft:sandstone_wall":63}},"DataVersion":3700}