{"stats":{"minecraft:dropped":{"minecraft:emerald_ore":7,"minecraft:crossbow":1,"minecraft:shield":1,"minecraft:arrow":1,"minecraft:bow":1},"minecraft:custom":{"minecraft:mob_kills":38,"minecraft:open_barrel":3,"minecraft:leave_game":3,"minecraft:time_since_death":238938,"minecraft:climb_one_cm":238,"minecraft:damage_resisted":60,"minecraft:time_since_rest":238938,"minecraft:sprint_one_cm":58943,"minecraft:damage_absorbed":63,"minecraft:damage_taken":231,"minecraft:walk_one_cm":218873,"minecraft:damage_blocked_by_shield":1770,"minecraft:drop":7,"minecraft:damage_dealt":2529,"minecraft:damage_dealt_absorbed":284,"minecraft:fly_one_cm":727865,"minecraft:open_chest":1,"minecraft:crouch_one_cm":183,"minecraft:play_time":238938,"minecraft:sneak_time":3701,"minecraft:walk_under_water_one_cm":1939,"minecraft:aviate_one_cm":5686,"minecraft:jump":470,"minecraft:walk_on_water_one_cm":931,"minecraft:total_world_time":238938,"minecraft:fall_one_cm":5458},"minecraft:mined":{"minecraft:blackstone":1,"minecraft:nether_brick_wall":4,"minecraft:soul_fire":3,"minecraft:obsidian":28,"minecraft:nether_bricks":9,"minecraft:spruce_leaves":7,"minecraft:magma_block":28,"minecraft:fire":2,"minecraft:spruce_log":42,"minecraft:lantern":1,"minecraft:stone":87,"minecraft:netherrack":43,"minecraft:fern":1},"minecraft:used":{"minecraft:emerald_ore":14,"minecraft:trident":17,"minecraft:netherite_sword":34,"minecraft:flint_and_steel":3,"minecraft:bone_block":1,"minecraft:blackstone":22,"minecraft:shield":35,"minecraft:diamond_axe":1,"minecraft:netherrack":10,"minecraft:cracked_stone_bricks":5,"minecraft:mossy_cobblestone":3,"minecraft:crossbow":48,"minecraft:obsidian":52,"minecraft:glass":2,"minecraft:mud":2,"minecraft:diamond_pickaxe":87,"minecraft:crying_obsidian":1,"minecraft:lantern":3,"minecraft:grass_block":3,"minecraft:netherite_axe":56,"minecraft:stone_bricks":110,"minecraft:bow":63,"minecraft:netherite_pickaxe":118,"minecraft:enchanted_golden_apple":1,"minecraft:soul_torch":1},"minecraft:killed":{"minecraft:magma_cube":1,"minecraft:vex":2,"minecraft:pig":1,"minecraft:zombified_piglin":9,"minecraft:spider":1,"minecraft:sheep":9,"minecraft:skeleton":4,"minecraft:zombie":1,"minecraft:chicken":1,"minecraft:ghast":2,"minecraft:wither_skeleton":1,"minecraft:cow":2},"minecraft:picked_up":{"minecraft:magma_block":28,"minecraft:leather_chestplate":1,"minecraft:feather":2,"minecraft:chicken":1,"minecraft:leather_leggings":1,"minecraft:leather":4,"minecraft:danger_pottery_sherd":1,"minecraft:shield":1,"minecraft:string":4,"minecraft:lantern":1,"minecraft:soul_soil":3,"minecraft:leather_boots":1,"minecraft:cooked_mutton":1,"minecraft:bone":3,"minecraft:bow":1,"minecraft:gold_nugget":2,"minecraft:beef":3,"minecraft:stick":2,"minecraft:porkchop":3,"minecraft:spruce_sapling":2,"minecraft:pointed_dripstone":1,"minecraft:spruce_log":42,"minecraft:spider_eye":2,"minecraft:leather_helmet":1,"minecraft:stone_sword":1,"minecraft:arrow":3,"minecraft:rotten_flesh":1,"minecraft:nether_bricks":9,"minecraft:crossbow":1,"minecraft:obsidian":28,"minecraft:nether_brick_wall":2,"minecraft:black_wool":1,"minecraft:netherrack":40,"minecraft:mutton":14,"minecraft:emerald_ore":1,"minecraft:white_wool":7,"minecraft:snowball":2,"minecraft:cobblestone":86}},"DataVersion":3700}