{"stats":{"minecraft:dropped":{"minecraft:emerald_ore":7,"minecraft:crossbow":1,"minecraft:leather":4,"minecraft:nether_brick_wall":2,"minecraft:stick":2,"minecraft:shield":1,"minecraft:gold_nugget":2,"minecraft:arrow":1,"minecraft:bow":1,"minecraft:spruce_sapling":2},"minecraft:custom":{"minecraft:mob_kills":42,"minecraft:open_barrel":3,"minecraft:leave_game":5,"minecraft:time_since_death":250188,"minecraft:climb_one_cm":238,"minecraft:damage_resisted":92,"minecraft:time_since_rest":250188,"minecraft:sprint_one_cm":94301,"minecraft:damage_absorbed":63,"minecraft:damage_taken":277,"minecraft:walk_one_cm":261373,"minecraft:damage_blocked_by_shield":1770,"minecraft:drop":12,"minecraft:damage_dealt":3388,"minecraft:damage_dealt_absorbed":284,"minecraft:fly_one_cm":740473,"minecraft:open_chest":1,"minecraft:crouch_one_cm":183,"minecraft:play_time":250188,"minecraft:sneak_time":3796,"minecraft:walk_under_water_one_cm":2439,"minecraft:aviate_one_cm":5686,"minecraft:jump":598,"minecraft:walk_on_water_one_cm":2126,"minecraft:total_world_time":250188,"minecraft:fall_one_cm":6979},"minecraft:mined":{"minecraft:blackstone":1,"minecraft:nether_brick_wall":4,"minecraft:soul_fire":3,"minecraft:obsidian":28,"minecraft:cornflower":2,"minecraft:nether_bricks":9,"minecraft:short_grass":1,"minecraft:copper_ore":1,"minecraft:cobblestone":185,"minecraft:spruce_leaves":9,"minecraft:magma_block":28,"minecraft:fire":2,"minecraft:spruce_log":123,"minecraft:birch_leaves":1,"minecraft:coal_ore":18,"minecraft:oak_log":7,"minecraft:lantern":1,"minecraft:stone":108,"minecraft:netherrack":43,"minecraft:fern":1},"minecraft:used":{"minecraft:emerald_ore":14,"minecraft:trident":17,"minecraft:netherite_sword":42,"minecraft:flint_and_steel":3,"minecraft:bone_block":1,"minecraft:blackstone":22,"minecraft:shield":35,"minecraft:diamond_axe":60,"minecraft:netherrack":10,"minecraft:cracked_stone_bricks":5,"minecraft:mossy_cobblestone":3,"minecraft:crossbow":48,"minecraft:obsidian":52,"minecraft:glass":2,"minecraft:mud":2,"minecraft:diamond_pickaxe":87,"minecraft:crying_obsidian":1,"minecraft:lantern":3,"minecraft:grass_block":3,"minecraft:netherite_axe":91,"minecraft:stone_bricks":110,"minecraft:bow":63,"minecraft:netherite_pickaxe":343,"minecraft:enchanted_golden_apple":5,"minecraft:soul_torch":1},"minecraft:killed":{"minecraft:magma_cube":1,"minecraft:vex":2,"minecraft:pig":1,"minecraft:zombified_piglin":9,"minecraft:spider":2,"minecraft:squid":1,"minecraft:skeleton":4,"minecraft:sheep":9,"minecraft:zombie":2,"minecraft:chicken":1,"minecraft:ghast":2,"minecraft:wither_skeleton":1,"minecraft:enderman":1,"minecraft:cow":2},"minecraft:picked_up":{"minecraft:charcoal":58,"minecraft:magma_block":28,"minecraft:leather_chestplate":1,"minecraft:feather":2,"minecraft:chicken":1,"minecraft:leather_leggings":1,"minecraft:leather":4,"minecraft:danger_pottery_sherd":1,"minecraft:shield":1,"minecraft:soul_soil":3,"minecraft:string":4,"minecraft:lantern":1,"minecraft:leather_boots":1,"minecraft:cooked_mutton":1,"minecraft:bone":3,"minecraft:bow":1,"minecraft:gold_nugget":2,"minecraft:beef":3,"minecraft:stick":2,"minecraft:porkchop":3,"minecraft:spruce_sapling":2,"minecraft:pointed_dripstone":1,"minecraft:spruce_log":71,"minecraft:spider_eye":2,"minecraft:leather_helmet":1,"minecraft:stone_sword":1,"minecraft:arrow":3,"minecraft:rotten_flesh":1,"minecraft:nether_bricks":9,"minecraft:crossbow":1,"minecraft:emerald_ore":1,"minecraft:nether_brick_wall":2,"minecraft:mutton":14,"minecraft:black_wool":1,"minecraft:netherrack":40,"minecraft:obsidian":28,"minecraft:white_wool":7,"minecraft:snowball":2,"minecraft:cobblestone":215,"minecraft:ender_pearl":1}},"DataVersion":3700}