{"stats":{"minecraft:picked_up":{"minecraft:leather_chestplate":1,"minecraft:leather_boots":1,"minecraft:stone_sword":1,"minecraft:bone":1,"minecraft:leather_leggings":1,"minecraft:cobblestone":24,"minecraft:spider_eye":2,"minecraft:string":4,"minecraft:snowball":2,"minecraft:leather_helmet":1,"minecraft:lantern":1},"minecraft:used":{"minecraft:netherite_sword":19,"minecraft:diamond_pickaxe":26,"minecraft:bow":3,"minecraft:flint_and_steel":2,"minecraft:lantern":1,"minecraft:diamond_axe":1,"minecraft:obsidian":30},"minecraft:killed":{"minecraft:spider":1,"minecraft:vex":2,"minecraft:wither_skeleton":1},"minecraft:mined":{"minecraft:lantern":1,"minecraft:fire":2,"minecraft:stone":24},"minecraft:custom":{"minecraft:open_barrel":1,"minecraft:time_since_rest":30272,"minecraft:open_chest":1,"minecraft:damage_taken":88,"minecraft:play_time":30272,"minecraft:sprint_one_cm":15910,"minecraft:walk_one_cm":27107,"minecraft:sneak_time":260,"minecraft:mob_kills":5,"minecraft:jump":108,"minecraft:damage_dealt":640,"minecraft:leave_game":2,"minecraft:time_since_death":30272,"minecraft:total_world_time":30272,"minecraft:damage_dealt_absorbed":79,"minecraft:fly_one_cm":332080}},"DataVersion":3700}