{"stats":{"minecraft:custom":{"minecraft:jump":8,"minecraft:time_since_rest":6814,"minecraft:leave_game":1,"minecraft:sprint_one_cm":107,"minecraft:play_time":6814,"minecraft:damage_taken":20,"minecraft:time_since_death":6814,"minecraft:walk_one_cm":4216,"minecraft:sneak_time":38,"minecraft:total_world_time":6814,"minecraft:fly_one_cm":16348},"minecraft:used":{"minecraft:dirt":1},"minecraft:picked_up":{"minecraft:dirt":1},"minecraft:mined":{"minecraft:powder_snow":37,"minecraft:dirt":1}},"DataVersion":3700}