{"stats":{"minecraft:dropped":{"minecraft:glass":1},"minecraft:custom":{"minecraft:time_since_rest":82130,"minecraft:sprint_one_cm":18138,"minecraft:damage_taken":240,"minecraft:walk_one_cm":140255,"minecraft:drop":1,"minecraft:damage_dealt":19,"minecraft:interact_with_crafting_table":4,"minecraft:fly_one_cm":302664,"minecraft:open_chest":2,"minecraft:crouch_one_cm":282,"minecraft:play_time":160973,"minecraft:deaths":1,"minecraft:walk_under_water_one_cm":534,"minecraft:sneak_time":1007,"minecraft:jump":133,"minecraft:leave_game":14,"minecraft:time_since_death":82110,"minecraft:walk_on_water_one_cm":2795,"minecraft:total_world_time":160973,"minecraft:fall_one_cm":434},"minecraft:crafted":{"minecraft:brown_dye":4},"minecraft:used":{"minecraft:glass":25,"minecraft:emerald_ore":7,"minecraft:sandstone_stairs":17,"minecraft:birch_slab":4,"minecraft:lantern":6,"minecraft:jungle_log":7,"minecraft:decorated_pot":2,"minecraft:sandstone":169,"minecraft:cut_sandstone":12,"minecraft:sandstone_wall":63,"minecraft:dirt":1,"minecraft:sand":9,"minecraft:magma_block":24,"minecraft:crafting_table":1,"minecraft:yellow_glazed_terracotta":21,"minecraft:coarse_dirt":1},"minecraft:picked_up":{"minecraft:book":1,"minecraft:stick":3,"minecraft:wheat":2,"minecraft:lantern":1,"minecraft:blue_carpet":6,"minecraft:white_carpet":10,"minecraft:glass":2,"minecraft:cyan_carpet":5,"minecraft:rotten_flesh":2,"minecraft:hay_block":1,"minecraft:bread":3,"minecraft:emerald":2,"minecraft:melon_slice":1,"minecraft:acacia_sapling":3,"minecraft:cod":9}},"DataVersion":3700}